"Researchland, Engineering Roles","Company Name","Job Title","Location","Company Domain","Job LinkedIn URL","Posted On","Enrich company","Employee Count","Founded","Follower Count","Research company ICP with AI","Career Search - Prospecting Researcher","Career Search Prospecting Researcher Hires Brazil Latam","Career Search Prospecting Researcher Hiring Evidence","Career Search Prospecting Researcher Evidence Url","Career Search Prospecting Researcher Posting Verified","Career Search Prospecting Researcher Careers Page Url","Career Search Prospecting Researcher Verified Role Title","Career Search Prospecting Researcher Roles Listed Count","Career Search Prospecting Researcher Work Mode","Career Search Prospecting Researcher Stage","Career Search Prospecting Researcher Headcount","Career Search Prospecting Researcher Industry","Career Search Prospecting Researcher Customer Base","Career Search Prospecting Researcher Employer Fit","Career Search Prospecting Researcher Reasoning","Update People Search (RevOps, GTM, Senior Leadership) - 2026-01-01T00:00:00.000Z"
,"Initech","Senior RevOps Engineer","São Paulo, Brazil","initech.example","https://jobs.example/postings/201","2026-09-10T00:00:00.000Z",,"120",,,,"Run 201",,"Careers page lists the role.","https://initech.example/careers/201","verified_live","https://initech.example/careers","Senior RevOps Engineer","12","remote",,,"Software",,,"Role is listed on the careers page among 12 open roles.",
,"Hooli","GTM Engineer","São Paulo, Brazil","hooli.example","https://jobs.example/postings/202","2026-09-10T00:00:00.000Z",,,,,,,,,,"not_found","https://hooli.example/jobs",,"23","hybrid",,,,,,"Careers page lists 23 roles; this one is not among them.",
,"Vandelay Industries","Solutions Architect","São Paulo, Brazil","vandelay.example","https://jobs.example/postings/203","2026-09-10T00:00:00.000Z",,,,,,,,,,"not_found","https://vandelay.example/careers",,"0","unknown",,,,,,"Careers page loaded but no roles were visible.",
,"Pied Piper","Data Engineer","São Paulo, Brazil","piedpiper.example","https://jobs.example/postings/204","2026-09-10T00:00:00.000Z",,,,,,,,,,,,,,,,,,,,,
,"Soylent","Operations Analyst","São Paulo, Brazil","soylent.example","https://jobs.example/postings/205","2026-09-10T00:00:00.000Z",,,,,,,,,," Verified_Live ","https://soylent.example/careers",,"4","Remote",,,,,,"Listed.",
,"Umbrella","Systems Analyst","São Paulo, Brazil","umbrella.example","https://jobs.example/postings/206","2026-09-10T00:00:00.000Z",,,,,,,,,,"probably_live","https://umbrella.example/careers",,"7","flexible",,,,,,"Similar role listed; exact title unclear.",
,"Initech","RevOps Analyst","São Paulo, Brazil","initech.example","https://jobs.example/postings/207","2026-09-10T00:00:00.000Z",,"150","1999",,,"Run 207",,,"https://initech.example/careers/207","verified_live","https://initech.example/other-careers",,"12","remote",,,"Enterprise Software",,,"Listed.",
,"Acme Robotics","Pricing Analyst","São Paulo, Brazil","acme.example","https://jobs.example/postings/208","2026-09-10T00:00:00.000Z",,,,,,,,,,"verified_live","https://acme.example/careers",,"5","onsite",,,,,,"Listed.",
,"Stark Industries","Revenue Systems Lead","São Paulo, Brazil","stark.example","https://jobs.example/postings/209","2026-09-10T00:00:00.000Z",,,,,,,,,,"verified_live","https://stark.example/careers",,"-1","remote",,,,,,"Role found via search; listings could not be counted.",
